#{"t_start": 1710337171.4425347, "env_id": "ALE/DonkeyKong-v5"}
r,l,t
100.0,705,2.699169
0.0,640,3.912668
200.0,1008,5.854076
