#{"t_start": 1710259519.3863642, "env_id": "ALE/DonkeyKong-v5"}
r,l,t
100.0,705,1.462142
0.0,640,2.285653
200.0,1008,3.589784
