#{"t_start": 1710337171.5133295, "env_id": "ALE/DonkeyKong-v5"}
r,l,t
200.0,638,2.523895
0.0,774,3.96852
100.0,765,5.367652
