#{"t_start": 1710259519.4564905, "env_id": "ALE/DonkeyKong-v5"}
r,l,t
200.0,638,1.318328
0.0,774,2.300806
100.0,765,3.242509
