#{"t_start": 1710259519.5277793, "env_id": "ALE/DonkeyKong-v5"}
r,l,t
100.0,738,1.373084
100.0,805,2.4123
100.0,740,3.338995
