#{"t_start": 1710337171.5828621, "env_id": "ALE/DonkeyKong-v5"}
r,l,t
100.0,738,2.639033
100.0,805,4.169123
100.0,740,5.546092
