#{"t_start": 1710259519.5987964, "env_id": "ALE/DonkeyKong-v5"}
r,l,t
100.0,641,1.144413
0.0,678,2.01124
200.0,648,2.837865
