#{"t_start": 1710337171.6531587, "env_id": "ALE/DonkeyKong-v5"}
r,l,t
100.0,641,2.339268
0.0,678,3.616362
200.0,648,4.832653
